Model,Accuracy,Precision,Recall,F1 Score
Random Forest,0.9357142857142857,0.9366147564676977,0.9357142857142857,0.9356836529263675
SVM,0.9214285714285714,0.9247462606837608,0.9214285714285714,0.9217600587269432
Logistic Regression,0.9428571428571428,0.9438492063492063,0.9428571428571428,0.9430494733104507
Gradient Boosting,0.9285714285714286,0.9313063063063063,0.9285714285714286,0.9288038839095177
